{"version":{"json_export":"184","page_segmentation":"5","schema":"1.1.0","structure":"1.1006.0","table_structure":"5"},"extended_metadata":{"ID_instance":"05 81 04 65 86 B5 B2 11 0A 00 67 45 8B 6B C6 23 ","ID_permanent":"37 31 20 34 46 20 30 30 20 36 35 20 38 36 20 42 35 20 42 32 20 31 31 20 30 41 20 30 30 20 36 37 20 34 35 20 38 42 20 36 42 20 43 36 20 32 33 20 ","pdf_version":"1.6","pdfa_compliance_level":"","is_encrypted":false,"has_acroform":false,"is_digitally_signed":false,"pdfua_compliance_level":"","page_count":3,"has_embedded_files":false,"is_certified":false,"is_XFA":false,"language":"en-US"},"elements":[{"Bounds":[556.7551879882812,737.7025756835938,586.1845092773438,766],"Page":0,"Path":"//Document/Sect/Figure","attributes":{"BBox":[556.7769999999728,737.7619999999879,586.1759999999776,765.9609999999811],"Placement":"Block"},"filePaths":["figure/fileoutpart0.png"]},{"Bounds":[36,658.7552947998047,355.9176025390625,735.7053070068359],"Font":{"alt_family_name":"Clean Han","embedded":true,"encoding":"Identity-H","family_name":"Adobe Clean Han","font_type":"CIDFontType0","italic":false,"monospaced":false,"name":"HNXJOY+AdobeCleanHan-Black","subset":true,"weight":900},"HasClip":false,"Lang":"en","Page":0,"Path":"//Document/Sect/Title","Text":"About PDF Extract API ","TextSize":27,"attributes":{"LineHeight":32.375}},{"Bounds":[36,653.5682983398438,256.2018280029297,670.6342926025391],"Font":{"alt_family_name":"Clean","embedded":true,"encoding":"Custom","family_name":"Adobe Clean","font_type":"Type1","italic":false,"monospaced":false,"name":"HNXJOY+AdobeClean-Regular","subset":true,"weight":400},"HasClip":false,"Lang":"en","Page":0,"Path":"//Document/Sect[2]/H1","Text":"Structured Information Output Format ","TextSize":14,"attributes":{"LineHeight":16.75,"SpaceAfter":18}},{"Bounds":[36.43400573730469,594.9783020019531,113.02668762207031,612.1562957763672],"Font":{"alt_family_name":"Clean","embedded":true,"encoding":"Custom","family_name":"Adobe Clean","font_type":"Type1","italic":false,"monospaced":false,"name":"HNXJOY+AdobeClean-Bold","subset":true,"weight":700},"HasClip":false,"Lang":"en","Page":0,"Path":"//Document/Sect[3]/H1","Text":"Introduction ","TextSize":14,"attributes":{"LineHeight":16.75}},{"Bounds":[36.43400573730469,508.9342956542969,536.1919708251953,580.0122985839844],"Font":{"alt_family_name":"Clean","embedded":true,"encoding":"Custom","family_name":"Adobe Clean","font_type":"Type1","italic":false,"monospaced":false,"name":"HNXJOY+AdobeClean-Regular","subset":true,"weight":400},"HasClip":false,"Lang":"en","Page":0,"Path":"//Document/Sect[3]/P","Text":"Extracted content is output in a structured JSON file, with tables optionally included as CSV or XLSX files and images saved as PNG files, so developers can easily store, analyze, and manipulate the data in a variety of downstream systems. Examples include databases, systems of record, CRM, ERP, NLP, RPA as well as ML models and analytic tools. ","TextSize":14,"attributes":{"LineHeight":18,"SpaceAfter":18}},{"Bounds":[39.279998779296875,338.428466796875,575.2400054931641,478.08001708984375],"ClipBounds":[39.279998779296875,338.428466796875,575.2400054931641,478.08001708984375],"Page":0,"Path":"//Document/Sect[3]/Figure","attributes":{"BBox":[39.238399999998364,338.41799999999057,575.2569999999832,478.0929999999935],"Placement":"Block"},"filePaths":["figure/fileoutpart1.png"]},{"Bounds":[35.279998779296875,288.3480987548828,299.2679443359375,318.0720977783203],"Font":{"alt_family_name":"Clean","embedded":true,"encoding":"Custom","family_name":"Adobe Clean","font_type":"Type1","italic":false,"monospaced":false,"name":"HNXJOY+AdobeClean-Bold","subset":true,"weight":700},"HasClip":false,"Lang":"en","Page":0,"Path":"//Document/Sect[3]/P[2]","Text":"The output of an SDK extract operation is a zip package containing the following: ","TextSize":12},{"Bounds":[35.279998779296875,198.3240966796875,302.023193359375,272.9521026611328],"Font":{"alt_family_name":"Clean","embedded":true,"encoding":"Custom","family_name":"Adobe Clean","font_type":"Type1","italic":false,"monospaced":false,"name":"HNXJOY+AdobeClean-Regular","subset":true,"weight":400},"HasClip":false,"Lang":"en","Page":0,"Path":"//Document/Sect[3]/P[3]","Text":"The structuredData.json file with the extracted content & PDF element structure. See the JSON schema for a description of the default output. (Please refer the Styling JSON schema for a description of the output when the styling option is enabled.) ","TextSize":12},{"Bounds":[35.279998779296875,93.3240966796875,302.224853515625,182.9521026611328],"Font":{"alt_family_name":"Clean","embedded":true,"encoding":"Custom","family_name":"Adobe Clean","font_type":"Type1","italic":false,"monospaced":false,"name":"HNXJOY+AdobeClean-Regular","subset":true,"weight":400},"HasClip":false,"Lang":"en","Page":0,"Path":"//Document/Sect[3]/P[4]","Text":"A renditions folder(s) containing renditions for each element type selected as input. The folder name is either “tables” or “figures” depending on your specified element type. Each folder contains renditions with filenames that correspond to the element information in the JSON file. ","TextSize":12,"attributes":{"SpaceAfter":18}},{"Bounds":[310.2799987792969,175.44735717773438,545.7599945068359,306.7200012207031],"ClipBounds":[310.2799987792969,175.44735717773438,545.7599945068359,306.7200012207031],"Page":0,"Path":"//Document/Sect[3]/Figure[2]","attributes":{"BBox":[310.30699999998615,175.4649999999965,545.737999999983,306.7399999999907],"Placement":"Block"},"filePaths":["figure/fileoutpart2.png"]},{"Bounds":[36,742.4062042236328,175.7451629638672,759.5841979980469],"Font":{"alt_family_name":"Clean","embedded":true,"encoding":"Custom","family_name":"Adobe Clean","font_type":"Type1","italic":false,"monospaced":false,"name":"HNXJOY+AdobeClean-Bold","subset":true,"weight":700},"HasClip":false,"Lang":"en","Page":1,"Path":"//Document/Sect[4]/H1","Text":"List of key components ","TextSize":14,"attributes":{"LineHeight":16.75}},{"Bounds":[36,712.8641967773438,378.4367218017578,727.4922027587891],"Font":{"alt_family_name":"Clean","embedded":true,"encoding":"Custom","family_name":"Adobe Clean","font_type":"Type1","italic":false,"monospaced":false,"name":"HNXJOY+AdobeClean-Regular","subset":true,"weight":400},"HasClip":false,"Lang":"en","Page":1,"Path":"//Document/Sect[4]/P","Text":"The following is a summary of key components in the extracted JSON: ","TextSize":12},{"Bounds":[36,682.8641967773438,42.6119384765625,697.4922027587891],"Font":{"alt_family_name":"Clean","embedded":true,"encoding":"Custom","family_name":"Adobe Clean","font_type":"Type1","italic":false,"monospaced":false,"name":"HNXJOY+AdobeClean-Regular","subset":true,"weight":400},"HasClip":false,"Page":1,"Path":"//Document/Sect[4]/L/LI/Lbl","Text":"• ","TextSize":12},{"Bounds":[54,637.8641967773438,548.1611938476562,697.4922027587891],"Font":{"alt_family_name":"Clean","embedded":true,"encoding":"Custom","family_name":"Adobe Clean","font_type":"Type1","italic":false,"monospaced":false,"name":"HNXJOY+AdobeClean-Regular","subset":true,"weight":400},"HasClip":false,"Page":1,"Path":"//Document/Sect[4]/L/LI/LBody","Text":"Elements: Ordered list of semantic elements (like headings, paragraphs, tables, figures) found in the document, on the basis of position in the structure tree of the document. The output does not include headers or footers. In addition, headings that repeat across pages are reported for the first occurrence only. ","TextSize":12},{"Bounds":[36,615.6641998291016,42.6119384765625,630.2922058105469],"Font":{"alt_family_name":"Clean","embedded":true,"encoding":"Custom","family_name":"Adobe Clean","font_type":"Type1","italic":false,"monospaced":false,"name":"HNXJOY+AdobeClean-Regular","subset":true,"weight":400},"HasClip":false,"Page":1,"Path":"//Document/Sect[4]/L/LI[2]/Lbl","Text":"• ","TextSize":12},{"Bounds":[54,600.6641998291016,540.0611267089844,630.2922058105469],"Font":{"alt_family_name":"Clean","embedded":true,"encoding":"Custom","family_name":"Adobe Clean","font_type":"Type1","italic":false,"monospaced":false,"name":"HNXJOY+AdobeClean-Regular","subset":true,"weight":400},"HasClip":false,"Page":1,"Path":"//Document/Sect[4]/L/LI[2]/LBody","Text":"Bounds: Bounding box enclosing the content items forming this element. Not reported for elements which don’t have any content items (like empty table cells). ","TextSize":12},{"Bounds":[36,578.4642028808594,42.6119384765625,593.0921936035156],"Font":{"alt_family_name":"Clean","embedded":true,"encoding":"Custom","family_name":"Adobe Clean","font_type":"Type1","italic":false,"monospaced":false,"name":"HNXJOY+AdobeClean-Regular","subset":true,"weight":400},"HasClip":false,"Page":1,"Path":"//Document/Sect[4]/L/LI[3]/Lbl","Text":"• ","TextSize":12},{"Bounds":[54,578.4642028808594,545.6651153564453,593.0921936035156],"Font":{"alt_family_name":"Clean","embedded":true,"encoding":"Custom","family_name":"Adobe Clean","font_type":"Type1","italic":false,"monospaced":false,"name":"HNXJOY+AdobeClean-Regular","subset":true,"weight":400},"HasClip":false,"Page":1,"Path":"//Document/Sect[4]/L/LI[3]/LBody","Text":"Font: Font description for the font associated with the first character. Only reported for text elements. ","TextSize":12},{"Bounds":[36,556.2642059326172,42.6119384765625,570.8921966552734],"Font":{"alt_family_name":"Clean","embedded":true,"encoding":"Custom","family_name":"Adobe Clean","font_type":"Type1","italic":false,"monospaced":false,"name":"HNXJOY+AdobeClean-Regular","subset":true,"weight":400},"HasClip":false,"Page":1,"Path":"//Document/Sect[4]/L/LI[4]/Lbl","Text":"• ","TextSize":12},{"Bounds":[54,556.2642059326172,453.99830627441406,570.8921966552734],"Font":{"alt_family_name":"Clean","embedded":true,"encoding":"Custom","family_name":"Adobe Clean","font_type":"Type1","italic":false,"monospaced":false,"name":"HNXJOY+AdobeClean-Regular","subset":true,"weight":400},"HasClip":false,"Page":1,"Path":"//Document/Sect[4]/L/LI[4]/LBody","Text":"TextSize: Text size (in points) of the last character. Only reported for text elements. ","TextSize":12},{"Bounds":[36,534.0641937255859,42.6119384765625,548.6921997070312],"Font":{"alt_family_name":"Clean","embedded":true,"encoding":"Custom","family_name":"Adobe Clean","font_type":"Type1","italic":false,"monospaced":false,"name":"HNXJOY+AdobeClean-Regular","subset":true,"weight":400},"HasClip":false,"Page":1,"Path":"//Document/Sect[4]/L/LI[5]/Lbl","Text":"• ","TextSize":12},{"Bounds":[54,534.0641937255859,424.876708984375,548.6921997070312],"Font":{"alt_family_name":"Clean","embedded":true,"encoding":"Custom","family_name":"Adobe Clean","font_type":"Type1","italic":false,"monospaced":false,"name":"HNXJOY+AdobeClean-Regular","subset":true,"weight":400},"HasClip":false,"Page":1,"Path":"//Document/Sect[4]/L/LI[5]/LBody","Text":"Attributes: Includes additional properties like line height and text alignment. ","TextSize":12},{"Bounds":[36,511.86419677734375,42.6119384765625,526.4922027587891],"Font":{"alt_family_name":"Clean","embedded":true,"encoding":"Custom","family_name":"Adobe Clean","font_type":"Type1","italic":false,"monospaced":false,"name":"HNXJOY+AdobeClean-Regular","subset":true,"weight":400},"HasClip":false,"Page":1,"Path":"//Document/Sect[4]/L/LI[6]/Lbl","Text":"• ","TextSize":12},{"Bounds":[53.99940490722656,481.86419677734375,548.3424530029297,526.4922027587891],"Font":{"alt_family_name":"Clean","embedded":true,"encoding":"Custom","family_name":"Adobe Clean","font_type":"Type1","italic":false,"monospaced":false,"name":"HNXJOY+AdobeClean-Regular","subset":true,"weight":400},"HasClip":false,"Page":1,"Path":"//Document/Sect[4]/L/LI[6]/LBody","Text":"Path: The Path describes the location of elements in the structure tree including the element type and the instance number. Element types are based on the ISO standard1, a summary is included for convenience. ","TextSize":12},{"Bounds":[35.99940490722656,459.66419982910156,42.61134338378906,474.2922058105469],"Font":{"alt_family_name":"Clean","embedded":true,"encoding":"Custom","family_name":"Adobe Clean","font_type":"Type1","italic":false,"monospaced":false,"name":"HNXJOY+AdobeClean-Regular","subset":true,"weight":400},"HasClip":false,"Page":1,"Path":"//Document/Sect[4]/L/LI[7]/Lbl","Text":"• ","TextSize":12},{"Bounds":[53.99940490722656,429.66419982910156,546.7445678710938,474.2922058105469],"Font":{"alt_family_name":"Clean","embedded":true,"encoding":"Custom","family_name":"Adobe Clean","font_type":"Type1","italic":false,"monospaced":false,"name":"HNXJOY+AdobeClean-Regular","subset":true,"weight":400},"HasClip":false,"Page":1,"Path":"//Document/Sect[4]/L/LI[7]/LBody","Text":"Text: Text for the element in UTF-8 format, only reported for text elements. When inline elements are reported separately from parent block element, then this value has references to those inline elements. ","TextSize":12},{"Bounds":[35.99940490722656,407.4642028808594,42.61134338378906,422.0921936035156],"Font":{"alt_family_name":"Clean","embedded":true,"encoding":"Custom","family_name":"Adobe Clean","font_type":"Type1","italic":false,"monospaced":false,"name":"HNXJOY+AdobeClean-Regular","subset":true,"weight":400},"HasClip":false,"Page":1,"Path":"//Document/Sect[4]/L/LI[8]/Lbl","Text":"• ","TextSize":12},{"Bounds":[53.99940490722656,392.4642028808594,533.6753692626953,422.0921936035156],"Font":{"alt_family_name":"Clean","embedded":true,"encoding":"Custom","family_name":"Adobe Clean","font_type":"Type1","italic":false,"monospaced":false,"name":"HNXJOY+AdobeClean-Regular","subset":true,"weight":400},"HasClip":false,"Page":1,"Path":"//Document/Sect[4]/L/LI[8]/LBody","Text":"Figures: Identified as a Figure in the Path attribute, saved as a PNG in the figures folder with the filename identified in the filePaths attribute. ","TextSize":12},{"Bounds":[35.99940490722656,370.2642059326172,42.61134338378906,384.89219665527344],"Font":{"alt_family_name":"Clean","embedded":true,"encoding":"Custom","family_name":"Adobe Clean","font_type":"Type1","italic":false,"monospaced":false,"name":"HNXJOY+AdobeClean-Regular","subset":true,"weight":400},"HasClip":false,"Page":1,"Path":"//Document/Sect[4]/L/LI[9]/Lbl","Text":"• ","TextSize":12},{"Bounds":[53.99940490722656,355.2642059326172,541.9205780029297,384.89219665527344],"Font":{"alt_family_name":"Clean","embedded":true,"encoding":"Custom","family_name":"Adobe Clean","font_type":"Type1","italic":false,"monospaced":false,"name":"HNXJOY+AdobeClean-Regular","subset":true,"weight":400},"HasClip":false,"Page":1,"Path":"//Document/Sect[4]/L/LI[9]/LBody","Text":"Tables: Identified as a Table in the Path attribute, saved as a .CSV, .XLSX, and .PNG in the tables folder with the filename identified in the filePaths attribute. ","TextSize":12},{"Bounds":[35.99940490722656,333.06419372558594,42.61134338378906,347.69219970703125],"Font":{"alt_family_name":"Clean","embedded":true,"encoding":"Custom","family_name":"Adobe Clean","font_type":"Type1","italic":false,"monospaced":false,"name":"HNXJOY+AdobeClean-Regular","subset":true,"weight":400},"HasClip":false,"Page":1,"Path":"//Document/Sect[4]/L/LI[10]/Lbl","Text":"• ","TextSize":12},{"Bounds":[53.99940490722656,333.06419372558594,436.15496826171875,347.69219970703125],"Font":{"alt_family_name":"Clean","embedded":true,"encoding":"Custom","family_name":"Adobe Clean","font_type":"Type1","italic":false,"monospaced":false,"name":"HNXJOY+AdobeClean-Regular","subset":true,"weight":400},"HasClip":false,"Page":1,"Path":"//Document/Sect[4]/L/LI[10]/LBody","Text":"FilePaths: List of file paths to additional output files (images and spreadsheets) ","TextSize":12},{"Bounds":[35.99940490722656,310.86419677734375,42.61134338378906,325.49220275878906],"Font":{"alt_family_name":"Clean","embedded":true,"encoding":"Custom","family_name":"Adobe Clean","font_type":"Type1","italic":false,"monospaced":false,"name":"HNXJOY+AdobeClean-Regular","subset":true,"weight":400},"HasClip":false,"Page":1,"Path":"//Document/Sect[4]/L/LI[11]/Lbl","Text":"• ","TextSize":12},{"Bounds":[53.99940490722656,295.86419677734375,530.6873779296875,325.49220275878906],"Font":{"alt_family_name":"Clean","embedded":true,"encoding":"Custom","family_name":"Adobe Clean","font_type":"Type1","italic":false,"monospaced":false,"name":"HNXJOY+AdobeClean-Regular","subset":true,"weight":400},"HasClip":false,"Page":1,"Path":"//Document/Sect[4]/L/LI[11]/LBody","Text":"Pages: A list of properties for each page of the PDF including page number, width, height, and rotation. ","TextSize":12},{"Bounds":[35.99940490722656,273.66419982910156,42.61134338378906,288.2922058105469],"Font":{"alt_family_name":"Clean","embedded":true,"encoding":"Custom","family_name":"Adobe Clean","font_type":"Type1","italic":false,"monospaced":false,"name":"HNXJOY+AdobeClean-Regular","subset":true,"weight":400},"HasClip":false,"Page":1,"Path":"//Document/Sect[4]/L/LI[12]/Lbl","Text":"• ","TextSize":12},{"Bounds":[53.99940490722656,213.66419982910156,539.7113647460938,288.2922058105469],"Font":{"alt_family_name":"Clean","embedded":true,"encoding":"Custom","family_name":"Adobe Clean","font_type":"Type1","italic":false,"monospaced":false,"name":"HNXJOY+AdobeClean-Regular","subset":true,"weight":400},"HasClip":false,"Page":1,"Path":"//Document/Sect[4]/L/LI[12]/LBody","Text":"Reading Order: The reading order of content within columns, across page breaks, and inclusive of asides is represented by the order of the elements in the Elements array. In the normal mode, exceptions can occur for elements extracted from their container (eg. A reference link in the middle of a paragraph). However, the order is preserved in Styling mode where all Elements and their Kids are represented in the natural reading order. ","TextSize":12},{"Bounds":[45.36000061035156,158.10000610351562,221.5560760498047,170.38999938964844],"Font":{"alt_family_name":"Clean","embedded":true,"encoding":"WinAnsiEncoding","family_name":"Adobe Clean","font_type":"Type1","italic":true,"monospaced":false,"name":"HNXJOY+AdobeClean-BoldIt","subset":true,"weight":700},"HasClip":false,"Lang":"en","Page":1,"Path":"//Document/Sect[4]/Aside/P","Text":"How are businesses using PDF Extract API? ","TextSize":10,"attributes":{"LineHeight":12}},{"Bounds":[45.36000061035156,106.08999633789062,422.2100524902344,144.30999755859375],"Font":{"alt_family_name":"Clean","embedded":true,"encoding":"Custom","family_name":"Adobe Clean","font_type":"Type1","italic":true,"monospaced":false,"name":"IVHPCW+AdobeClean-It","subset":true,"weight":400},"HasClip":false,"Lang":"en","Page":1,"Path":"//Document/Sect[4]/Aside/P[2]","Text":"Some common and relevant use cases include: loan document workflows, content based process automation, data analysis, processing employee resumes, field service management, and streamline procurement processes. ","TextSize":10,"attributes":{"LineHeight":13,"SpaceAfter":18,"TextAlign":"Justify"}},{"Bounds":[35.279998779296875,50.08299255371094,499.673828125,61.05400085449219],"Font":{"alt_family_name":"Clean","embedded":true,"encoding":"Custom","family_name":"Adobe Clean","font_type":"Type1","italic":false,"monospaced":false,"name":"HNXJOY+AdobeClean-Regular","subset":true,"weight":400},"HasClip":false,"Lang":"en","Page":1,"Path":"//Document/Sect[4]/Footnote","Text":"1 ISO 32000-2 defines PDF 2.0 and is the first PDF specification entirely developed under the ISO open consensus-based process. ","TextSize":9,"attributes":{"LineHeight":6.25,"SpaceAfter":18}},{"Bounds":[43.69999694824219,107.42010498046875,569.904052734375,725.8930053710938],"Page":2,"Path":"//Document/Sect[4]/Table","attributes":{"BBox":[34.91859999999906,102.02799999999843,576.0969999999797,735.0019999999786],"NumCol":3,"NumRow":24,"Placement":"Block","SpaceAfter":11.25},"filePaths":["tables/fileoutpart3.csv","tables/fileoutpart4.png"]},{"Bounds":[43.69999694824219,710.0460052490234,215.16738891601562,725.8930053710938],"Page":2,"Path":"//Document/Sect[4]/Table/TR/TD","attributes":{"BBox":[35.39859999999862,702.4839999999967,576.0969999999797,735.0019999999786],"BackgroundColor":[0.9764709999999752,0.05882259999999917,0],"BlockAlign":"Middle","BorderColor":[[0.16078199999999754,0.0078430199999997,0],[0.16078199999999754,0.0078430199999997,0],[0.16470299999999582,0.0078430199999997,0],null],"BorderStyle":["Solid","Solid","Solid","None"],"BorderThickness":[0.625,0.25,0.625,0],"ColIndex":0,"ColSpan":3,"Height":32.5,"InlineAlign":"Start","RowIndex":0,"Width":540.75}},{"Bounds":[43.69999694824219,710.0460052490234,215.16738891601562,725.8930053710938],"Font":{"alt_family_name":"Clean","embedded":true,"encoding":"Custom","family_name":"Adobe Clean","font_type":"Type1","italic":false,"monospaced":false,"name":"HNXJOY+AdobeClean-Regular","subset":true,"weight":400},"HasClip":false,"Lang":"en","Page":2,"Path":"//Document/Sect[4]/Table/TR/TD/P","Text":"SUMMARY OF ELEMENT TYPES ","TextSize":13,"attributes":{"LineHeight":15.625}},{"Bounds":[43.69999694824219,684.8200988769531,91.18995666503906,697.0101013183594],"Page":2,"Path":"//Document/Sect[4]/Table/TR[2]/TH","attributes":{"BBox":[35.75849999999991,676.3249999999825,148.43399999999383,703.0839999999735],"BlockAlign":"Middle","BorderColor":[[0.16078199999999754,0.0078430199999997,0],[0,0,0],[0,0,0],[0,0,0]],"BorderStyle":"Solid","BorderThickness":[0.25,0.5,0.25,0.125],"ColIndex":0,"Height":26.75,"InlineAlign":"Start","RowIndex":1,"Width":112.625}},{"Bounds":[43.69999694824219,684.8200988769531,91.18995666503906,697.0101013183594],"Font":{"alt_family_name":"Clean","embedded":true,"encoding":"Custom","family_name":"Adobe Clean","font_type":"Type1","italic":false,"monospaced":false,"name":"HNXJOY+AdobeClean-Regular","subset":true,"weight":400},"HasClip":false,"Lang":"en","Page":2,"Path":"//Document/Sect[4]/Table/TR[2]/TH/P","Text":"CATEGORY ","TextSize":10,"attributes":{"LineHeight":12}},{"Bounds":[156.24000549316406,684.8200988769531,222.6090545654297,697.0101013183594],"Page":2,"Path":"//Document/Sect[4]/Table/TR[2]/TH[2]","attributes":{"BBox":[148.19399999999587,676.3249999999825,259.30899999999383,703.0839999999735],"BlockAlign":"Middle","BorderColor":[[0.16078199999999754,0.0078430199999997,0],[0,0,0],[0,0,0],[0,0,0]],"BorderStyle":"Solid","BorderThickness":[0.25,0.5,0.125,0.125],"ColIndex":1,"Height":26.75,"InlineAlign":"Start","RowIndex":1,"Width":111.125}},{"Bounds":[156.24000549316406,684.8200988769531,222.6090545654297,697.0101013183594],"Font":{"alt_family_name":"Clean","embedded":true,"encoding":"Custom","family_name":"Adobe Clean","font_type":"Type1","italic":false,"monospaced":false,"name":"HNXJOY+AdobeClean-Regular","subset":true,"weight":400},"HasClip":false,"Lang":"en","Page":2,"Path":"//Document/Sect[4]/Table/TR[2]/TH[2]/P","Text":"ELEMENT TYPE ","TextSize":10,"attributes":{"LineHeight":12}},{"Bounds":[267.1199951171875,684.8200988769531,326.2689971923828,697.0101013183594],"Page":2,"Path":"//Document/Sect[4]/Table/TR[2]/TH[3]","attributes":{"BBox":[259.0689999999886,676.3249999999825,576.3369999999995,703.0839999999735],"BlockAlign":"Middle","BorderColor":[[0.16078199999999754,0.0078430199999997,0],[0,0,0],[0,0,0],[0,0,0]],"BorderStyle":"Solid","BorderThickness":[0.25,0.5,0.125,0.25],"ColIndex":2,"Height":26.75,"InlineAlign":"Start","RowIndex":1,"Width":317.25}},{"Bounds":[267.1199951171875,684.8200988769531,326.2689971923828,697.0101013183594],"Font":{"alt_family_name":"Clean","embedded":true,"encoding":"Custom","family_name":"Adobe Clean","font_type":"Type1","italic":false,"monospaced":false,"name":"HNXJOY+AdobeClean-Regular","subset":true,"weight":400},"HasClip":false,"Lang":"en","Page":2,"Path":"//Document/Sect[4]/Table/TR[2]/TH[3]/P","Text":"DESCRIPTION ","TextSize":10,"attributes":{"LineHeight":12}},{"Bounds":[43.69999694824219,659.6201019287109,68.219970703125,671.8101043701172],"Page":2,"Path":"//Document/Sect[4]/Table/TR[3]/TD","attributes":{"BBox":[34.91859999999906,650.4059999999881,148.7939999999944,677.4049999999988],"BlockAlign":"Middle","BorderColor":[0,0,0],"BorderStyle":"Solid","BorderThickness":[0.5,0.5,1.125,0.5],"ColIndex":0,"Height":27,"InlineAlign":"Start","RowIndex":2,"Width":113.875}},{"Bounds":[43.69999694824219,659.6201019287109,68.219970703125,671.8101043701172],"Font":{"alt_family_name":"Clean","embedded":true,"encoding":"Custom","family_name":"Adobe Clean","font_type":"Type1","italic":false,"monospaced":false,"name":"HNXJOY+AdobeClean-Regular","subset":true,"weight":400},"HasClip":false,"Lang":"en","Page":2,"Path":"//Document/Sect[4]/Table/TR[3]/TD/P","Text":"Aside ","TextSize":10,"attributes":{"LineHeight":12}},{"Bounds":[156.24000549316406,659.6201019287109,180.7599639892578,671.8101043701172],"Page":2,"Path":"//Document/Sect[4]/Table/TR[3]/TD[2]","attributes":{"BBox":[147.71399999999994,650.4059999999881,259.6689999999944,677.4049999999988],"BlockAlign":"Middle","BorderColor":[0,0,0],"BorderStyle":"Solid","BorderThickness":0.5,"ColIndex":1,"Height":27,"InlineAlign":"Start","RowIndex":2,"Width":112}},{"Bounds":[156.24000549316406,659.6201019287109,180.7599639892578,671.8101043701172],"Font":{"alt_family_name":"Clean","embedded":true,"encoding":"Custom","family_name":"Adobe Clean","font_type":"Type1","italic":false,"monospaced":false,"name":"HNXJOY+AdobeClean-Regular","subset":true,"weight":400},"HasClip":false,"Lang":"en","Page":2,"Path":"//Document/Sect[4]/Table/TR[3]/TD[2]/P","Text":"Aside ","TextSize":10,"attributes":{"LineHeight":12}},{"Bounds":[267.1199951171875,659.6201019287109,534.8460083007812,671.8101043701172],"Page":2,"Path":"//Document/Sect[4]/Table/TR[3]/TD[3]","attributes":{"BBox":[258.58899999999267,650.4059999999881,577.176999999996,677.4049999999988],"BlockAlign":"Middle","BorderColor":[0,0,0],"BorderStyle":"Solid","BorderThickness":[0.5,0.5,0.5,1.125],"ColIndex":2,"Height":27,"InlineAlign":"Start","RowIndex":2,"Width":318.625}},{"Bounds":[267.1199951171875,659.6201019287109,534.8460083007812,671.8101043701172],"Font":{"alt_family_name":"Clean","embedded":true,"encoding":"Custom","family_name":"Adobe Clean","font_type":"Type1","italic":false,"monospaced":false,"name":"HNXJOY+AdobeClean-Regular","subset":true,"weight":400},"HasClip":false,"Lang":"en","Page":2,"Path":"//Document/Sect[4]/Table/TR[3]/TD[3]/P","Text":"Content which is not part of regular content flow of the document ","TextSize":10,"attributes":{"LineHeight":12}},{"Bounds":[43.69999694824219,634.4201049804688,70.84010314941406,646.610107421875],"Page":2,"Path":"//Document/Sect[4]/Table/TR[4]/TD","attributes":{"BBox":[34.91859999999906,625.926999999996,148.7939999999944,651.4859999999753],"BlockAlign":"Middle","BorderColor":[0,0,0],"BorderStyle":"Solid","BorderThickness":[0.5,0.5,1.125,0.5],"ColIndex":0,"Height":25.5,"InlineAlign":"Start","RowIndex":3,"Width":113.875}},{"Bounds":[43.69999694824219,634.4201049804688,70.84010314941406,646.610107421875],"Font":{"alt_family_name":"Clean","embedded":true,"encoding":"Custom","family_name":"Adobe Clean","font_type":"Type1","italic":false,"monospaced":false,"name":"HNXJOY+AdobeClean-Regular","subset":true,"weight":400},"HasClip":false,"Lang":"en","Page":2,"Path":"//Document/Sect[4]/Table/TR[4]/TD/P","Text":"Figure ","TextSize":10,"attributes":{"LineHeight":12}},{"Bounds":[156.24000549316406,634.4201049804688,183.38011169433594,646.610107421875],"Page":2,"Path":"//Document/Sect[4]/Table/TR[4]/TD[2]","attributes":{"BBox":[147.71399999999994,625.926999999996,259.6689999999944,651.4859999999753],"BlockAlign":"Middle","BorderColor":[0,0,0],"BorderStyle":"Solid","BorderThickness":0.5,"ColIndex":1,"Height":25.5,"InlineAlign":"Start","RowIndex":3,"Width":112}},{"Bounds":[156.24000549316406,634.4201049804688,183.38011169433594,646.610107421875],"Font":{"alt_family_name":"Clean","embedded":true,"encoding":"Custom","family_name":"Adobe Clean","font_type":"Type1","italic":false,"monospaced":false,"name":"HNXJOY+AdobeClean-Regular","subset":true,"weight":400},"HasClip":false,"Lang":"en","Page":2,"Path":"//Document/Sect[4]/Table/TR[4]/TD[2]/P","Text":"Figure ","TextSize":10,"attributes":{"LineHeight":12}},{"Bounds":[267.1199951171875,634.4201049804688,502.67494201660156,646.610107421875],"Page":2,"Path":"//Document/Sect[4]/Table/TR[4]/TD[3]","attributes":{"BBox":[258.58899999999267,625.926999999996,577.176999999996,651.4859999999753],"BlockAlign":"Middle","BorderColor":[0,0,0],"BorderStyle":"Solid","BorderThickness":[0.5,0.5,0.5,1.125],"ColIndex":2,"Height":25.5,"InlineAlign":"Start","RowIndex":3,"Width":318.625}},{"Bounds":[267.1199951171875,634.4201049804688,502.67494201660156,646.610107421875],"Font":{"alt_family_name":"Clean","embedded":true,"encoding":"Custom","family_name":"Adobe Clean","font_type":"Type1","italic":false,"monospaced":false,"name":"HNXJOY+AdobeClean-Regular","subset":true,"weight":400},"HasClip":false,"Lang":"en","Page":2,"Path":"//Document/Sect[4]/Table/TR[4]/TD[3]/P","Text":"Non-reflowable constructs like graphs, images, flowcharts ","TextSize":10,"attributes":{"LineHeight":12}},{"Bounds":[43.69999694824219,609.2200927734375,82.8399658203125,621.4100952148438],"Page":2,"Path":"//Document/Sect[4]/Table/TR[5]/TD","attributes":{"BBox":[34.91859999999906,601.4479999999749,148.7939999999944,627.0069999999832],"BlockAlign":"Middle","BorderColor":[0,0,0],"BorderStyle":"Solid","BorderThickness":[0.5,0.5,1.125,0.5],"ColIndex":0,"Height":25.5,"InlineAlign":"Start","RowIndex":4,"Width":113.875}},{"Bounds":[43.69999694824219,609.2200927734375,82.8399658203125,621.4100952148438],"Font":{"alt_family_name":"Clean","embedded":true,"encoding":"Custom","family_name":"Adobe Clean","font_type":"Type1","italic":false,"monospaced":false,"name":"HNXJOY+AdobeClean-Regular","subset":true,"weight":400},"HasClip":false,"Lang":"en","Page":2,"Path":"//Document/Sect[4]/Table/TR[5]/TD/P","Text":"Footnote ","TextSize":10,"attributes":{"LineHeight":12}},{"Bounds":[156.24000549316406,609.2200927734375,195.37997436523438,621.4100952148438],"Page":2,"Path":"//Document/Sect[4]/Table/TR[5]/TD[2]","attributes":{"BBox":[147.71399999999994,601.4479999999749,259.6689999999944,627.0069999999832],"BlockAlign":"Middle","BorderColor":[0,0,0],"BorderStyle":"Solid","BorderThickness":0.5,"ColIndex":1,"Height":25.5,"InlineAlign":"Start","RowIndex":4,"Width":112}},{"Bounds":[156.24000549316406,609.2200927734375,195.37997436523438,621.4100952148438],"Font":{"alt_family_name":"Clean","embedded":true,"encoding":"Custom","family_name":"Adobe Clean","font_type":"Type1","italic":false,"monospaced":false,"name":"HNXJOY+AdobeClean-Regular","subset":true,"weight":400},"HasClip":false,"Lang":"en","Page":2,"Path":"//Document/Sect[4]/Table/TR[5]/TD[2]/P","Text":"Footnote ","TextSize":10,"attributes":{"LineHeight":12}},{"Bounds":[267.1199951171875,609.2200927734375,306.2599639892578,621.4100952148438],"Page":2,"Path":"//Document/Sect[4]/Table/TR[5]/TD[3]","attributes":{"BBox":[258.58899999999267,601.4479999999749,577.176999999996,627.0069999999832],"BlockAlign":"Middle","BorderColor":[0,0,0],"BorderStyle":"Solid","BorderThickness":[0.5,0.5,0.5,1.125],"ColIndex":2,"Height":25.5,"InlineAlign":"Start","RowIndex":4,"Width":318.625}},{"Bounds":[267.1199951171875,609.2200927734375,306.2599639892578,621.4100952148438],"Font":{"alt_family_name":"Clean","embedded":true,"encoding":"Custom","family_name":"Adobe Clean","font_type":"Type1","italic":false,"monospaced":false,"name":"HNXJOY+AdobeClean-Regular","subset":true,"weight":400},"HasClip":false,"Lang":"en","Page":2,"Path":"//Document/Sect[4]/Table/TR[5]/TD[3]/P","Text":"Footnote ","TextSize":10,"attributes":{"LineHeight":12}},{"Bounds":[43.69999694824219,584.0200958251953,87.49900817871094,596.2100982666016],"Page":2,"Path":"//Document/Sect[4]/Table/TR[6]/TD","attributes":{"BBox":[34.91859999999906,500.6519999999873,148.7939999999944,602.5279999999912],"BlockAlign":"Before","BorderColor":[0,0,0],"BorderStyle":"Solid","BorderThickness":[0.5,0.5,1.125,0.5],"ColIndex":0,"Height":101.875,"InlineAlign":"Start","RowIndex":5,"RowSpan":4,"Width":113.875}},{"Bounds":[43.69999694824219,584.0200958251953,87.49900817871094,596.2100982666016],"Font":{"alt_family_name":"Clean","embedded":true,"encoding":"Custom","family_name":"Adobe Clean","font_type":"Type1","italic":false,"monospaced":false,"name":"HNXJOY+AdobeClean-Regular","subset":true,"weight":400},"HasClip":false,"Lang":"en","Page":2,"Path":"//Document/Sect[4]/Table/TR[6]/TD/P","Text":"Headings` ","TextSize":10,"attributes":{"LineHeight":12}},{"Bounds":[156.24000549316406,584.0200958251953,165.13999938964844,596.2100982666016],"Page":2,"Path":"//Document/Sect[4]/Table/TR[6]/TD[2]","attributes":{"BBox":[147.71399999999994,575.5289999999804,259.6689999999944,602.5279999999912],"BlockAlign":"Middle","BorderColor":[0,0,0],"BorderStyle":"Solid","BorderThickness":0.5,"ColIndex":1,"Height":27,"InlineAlign":"Start","RowIndex":5,"Width":112}},{"Bounds":[156.24000549316406,584.0200958251953,165.13999938964844,596.2100982666016],"Font":{"alt_family_name":"Clean","embedded":true,"encoding":"Custom","family_name":"Adobe Clean","font_type":"Type1","italic":false,"monospaced":false,"name":"HNXJOY+AdobeClean-Regular","subset":true,"weight":400},"HasClip":false,"Lang":"en","Page":2,"Path":"//Document/Sect[4]/Table/TR[6]/TD[2]/P","Text":"H ","TextSize":10,"attributes":{"LineHeight":12}},{"Bounds":[267.1199951171875,584.0200958251953,354.8379364013672,596.2100982666016],"Page":2,"Path":"//Document/Sect[4]/Table/TR[6]/TD[3]","attributes":{"BBox":[258.58899999999267,575.5289999999804,577.176999999996,602.5279999999912],"BlockAlign":"Middle","BorderColor":[0,0,0],"BorderStyle":"Solid","BorderThickness":[0.5,0.5,0.5,1.125],"ColIndex":2,"Height":27,"InlineAlign":"Start","RowIndex":5,"Width":318.625}},{"Bounds":[267.1199951171875,584.0200958251953,354.8379364013672,596.2100982666016],"Font":{"alt_family_name":"Clean","embedded":true,"encoding":"Custom","family_name":"Adobe Clean","font_type":"Type1","italic":false,"monospaced":false,"name":"HNXJOY+AdobeClean-Regular","subset":true,"weight":400},"HasClip":false,"Lang":"en","Page":2,"Path":"//Document/Sect[4]/Table/TR[6]/TD[3]/P","Text":"Beginning of heading ","TextSize":10,"attributes":{"LineHeight":12}},{"Bounds":[156.24000549316406,558.8200988769531,168.34007263183594,571.0101013183594],"Page":2,"Path":"//Document/Sect[4]/Table/TR[7]/TD","attributes":{"BBox":[147.71399999999994,549.609999999986,259.6689999999944,576.6089999999967],"BlockAlign":"Middle","BorderColor":[0,0,0],"BorderStyle":"Solid","BorderThickness":0.5,"ColIndex":1,"Height":27,"InlineAlign":"Start","RowIndex":6,"Width":112}},{"Bounds":[156.24000549316406,558.8200988769531,168.34007263183594,571.0101013183594],"Font":{"alt_family_name":"Clean","embedded":true,"encoding":"Custom","family_name":"Adobe Clean","font_type":"Type1","italic":false,"monospaced":false,"name":"HNXJOY+AdobeClean-Regular","subset":true,"weight":400},"HasClip":false,"Lang":"en","Page":2,"Path":"//Document/Sect[4]/Table/TR[7]/TD/P","Text":"H1 ","TextSize":10,"attributes":{"LineHeight":12}},{"Bounds":[267.1199951171875,558.8200988769531,332.529052734375,571.0101013183594],"Page":2,"Path":"//Document/Sect[4]/Table/TR[7]/TD[2]","attributes":{"BBox":[258.58899999999267,549.609999999986,577.176999999996,576.6089999999967],"BlockAlign":"Middle","BorderColor":[0,0,0],"BorderStyle":"Solid","BorderThickness":[0.5,0.5,0.5,1.125],"ColIndex":2,"Height":27,"InlineAlign":"Start","RowIndex":6,"Width":318.625}},{"Bounds":[267.1199951171875,558.8200988769531,332.529052734375,571.0101013183594],"Font":{"alt_family_name":"Clean","embedded":true,"encoding":"Custom","family_name":"Adobe Clean","font_type":"Type1","italic":false,"monospaced":false,"name":"HNXJOY+AdobeClean-Regular","subset":true,"weight":400},"HasClip":false,"Lang":"en","Page":2,"Path":"//Document/Sect[4]/Table/TR[7]/TD[2]/P","Text":"Heading Level 1 ","TextSize":10,"attributes":{"LineHeight":12}},{"Bounds":[156.24000549316406,533.6201019287109,169.86000061035156,545.8101043701172],"Page":2,"Path":"//Document/Sect[4]/Table/TR[8]/TD","attributes":{"BBox":[147.71399999999994,525.130999999994,259.6689999999944,550.6899999999732],"BlockAlign":"Middle","BorderColor":[0,0,0],"BorderStyle":"Solid","BorderThickness":0.5,"ColIndex":1,"Height":25.5,"InlineAlign":"Start","RowIndex":7,"Width":112}},{"Bounds":[156.24000549316406,533.6201019287109,169.86000061035156,545.8101043701172],"Font":{"alt_family_name":"Clean","embedded":true,"encoding":"Custom","family_name":"Adobe Clean","font_type":"Type1","italic":false,"monospaced":false,"name":"HNXJOY+AdobeClean-Regular","subset":true,"weight":400},"HasClip":false,"Lang":"en","Page":2,"Path":"//Document/Sect[4]/Table/TR[8]/TD/P","Text":"H2 ","TextSize":10,"attributes":{"LineHeight":12}},{"Bounds":[267.1199951171875,533.6201019287109,334.0489807128906,545.8101043701172],"Page":2,"Path":"//Document/Sect[4]/Table/TR[8]/TD[2]","attributes":{"BBox":[258.58899999999267,525.130999999994,577.176999999996,550.6899999999732],"BlockAlign":"Middle","BorderColor":[0,0,0],"BorderStyle":"Solid","BorderThickness":[0.5,0.5,0.5,1.125],"ColIndex":2,"Height":25.5,"InlineAlign":"Start","RowIndex":7,"Width":318.625}},{"Bounds":[267.1199951171875,533.6201019287109,334.0489807128906,545.8101043701172],"Font":{"alt_family_name":"Clean","embedded":true,"encoding":"Custom","family_name":"Adobe Clean","font_type":"Type1","italic":false,"monospaced":false,"name":"HNXJOY+AdobeClean-Regular","subset":true,"weight":400},"HasClip":false,"Lang":"en","Page":2,"Path":"//Document/Sect[4]/Table/TR[8]/TD[2]/P","Text":"Heading Level 2 ","TextSize":10,"attributes":{"LineHeight":12}},{"Bounds":[156.24000549316406,508.42010498046875,170.6199951171875,520.610107421875],"Page":2,"Path":"//Document/Sect[4]/Table/TR[9]/TD","attributes":{"BBox":[147.71399999999994,500.6519999999873,259.6689999999944,526.2109999999811],"BlockAlign":"Middle","BorderColor":[0,0,0],"BorderStyle":"Solid","BorderThickness":0.5,"ColIndex":1,"Height":25.5,"InlineAlign":"Start","RowIndex":8,"Width":112}},{"Bounds":[156.24000549316406,508.42010498046875,170.6199951171875,520.610107421875],"Font":{"alt_family_name":"Clean","embedded":true,"encoding":"Custom","family_name":"Adobe Clean","font_type":"Type1","italic":false,"monospaced":false,"name":"HNXJOY+AdobeClean-Regular","subset":true,"weight":400},"HasClip":false,"Lang":"en","Page":2,"Path":"//Document/Sect[4]/Table/TR[9]/TD/P","Text":"etc ","TextSize":10,"attributes":{"LineHeight":12}},{"Bounds":[267.1199951171875,508.42010498046875,334.54901123046875,520.610107421875],"Page":2,"Path":"//Document/Sect[4]/Table/TR[9]/TD[2]","attributes":{"BBox":[258.58899999999267,500.6519999999873,577.176999999996,526.2109999999811],"BlockAlign":"Middle","BorderColor":[0,0,0],"BorderStyle":"Solid","BorderThickness":[0.5,0.5,0.5,1.125],"ColIndex":2,"Height":25.5,"InlineAlign":"Start","RowIndex":8,"Width":318.625}},{"Bounds":[267.1199951171875,508.42010498046875,334.54901123046875,520.610107421875],"Font":{"alt_family_name":"Clean","embedded":true,"encoding":"Custom","family_name":"Adobe Clean","font_type":"Type1","italic":false,"monospaced":false,"name":"HNXJOY+AdobeClean-Regular","subset":true,"weight":400},"HasClip":false,"Lang":"en","Page":2,"Path":"//Document/Sect[4]/Table/TR[9]/TD[2]/P","Text":"Heading Level X ","TextSize":10,"attributes":{"LineHeight":12}},{"Bounds":[43.69999694824219,483.2200927734375,60.34979248046875,495.41009521484375],"Page":2,"Path":"//Document/Sect[4]/Table/TR[10]/TD","attributes":{"BBox":[34.91859999999906,399.85599999999977,148.7939999999944,501.73199999998906],"BlockAlign":"Before","BorderColor":[0,0,0],"BorderStyle":"Solid","BorderThickness":[0.5,0.5,1.125,0.5],"ColIndex":0,"Height":101.875,"InlineAlign":"Start","RowIndex":9,"RowSpan":4,"Width":113.875}},{"Bounds":[43.69999694824219,483.2200927734375,60.34979248046875,495.41009521484375],"Font":{"alt_family_name":"Clean","embedded":true,"encoding":"Custom","family_name":"Adobe Clean","font_type":"Type1","italic":false,"monospaced":false,"name":"HNXJOY+AdobeClean-Regular","subset":true,"weight":400},"HasClip":false,"Lang":"en","Page":2,"Path":"//Document/Sect[4]/Table/TR[10]/TD/P","Text":"List ","TextSize":10,"attributes":{"LineHeight":12}},{"Bounds":[156.24000549316406,483.2200927734375,163.34007263183594,495.41009521484375],"Page":2,"Path":"//Document/Sect[4]/Table/TR[10]/TD[2]","attributes":{"BBox":[147.71399999999994,474.7329999999929,259.6689999999944,501.73199999998906],"BlockAlign":"Middle","BorderColor":[0,0,0],"BorderStyle":"Solid","BorderThickness":0.5,"ColIndex":1,"Height":27,"InlineAlign":"Start","RowIndex":9,"Width":112}},{"Bounds":[156.24000549316406,483.2200927734375,163.34007263183594,495.41009521484375],"Font":{"alt_family_name":"Clean","embedded":true,"encoding":"Custom","family_name":"Adobe Clean","font_type":"Type1","italic":false,"monospaced":false,"name":"HNXJOY+AdobeClean-Regular","subset":true,"weight":400},"HasClip":false,"Lang":"en","Page":2,"Path":"//Document/Sect[4]/Table/TR[10]/TD[2]/P","Text":"L ","TextSize":10,"attributes":{"LineHeight":12}},{"Bounds":[267.1199951171875,483.2200927734375,333.9380187988281,495.41009521484375],"Page":2,"Path":"//Document/Sect[4]/Table/TR[10]/TD[3]","attributes":{"BBox":[258.58899999999267,474.7329999999929,577.176999999996,501.73199999998906],"BlockAlign":"Middle","BorderColor":[0,0,0],"BorderStyle":"Solid","BorderThickness":[0.5,0.5,0.5,1.125],"ColIndex":2,"Height":27,"InlineAlign":"Start","RowIndex":9,"Width":318.625}},{"Bounds":[267.1199951171875,483.2200927734375,333.9380187988281,495.41009521484375],"Font":{"alt_family_name":"Clean","embedded":true,"encoding":"Custom","family_name":"Adobe Clean","font_type":"Type1","italic":false,"monospaced":false,"name":"HNXJOY+AdobeClean-Regular","subset":true,"weight":400},"HasClip":false,"Lang":"en","Page":2,"Path":"//Document/Sect[4]/Table/TR[10]/TD[3]/P","Text":"Beginning of list ","TextSize":10,"attributes":{"LineHeight":12}},{"Bounds":[156.24000549316406,458.0200958251953,166.31004333496094,470.21009826660156],"Page":2,"Path":"//Document/Sect[4]/Table/TR[11]/TD","attributes":{"BBox":[147.71399999999994,448.8139999999985,259.6689999999944,475.81299999999464],"BlockAlign":"Middle","BorderColor":[0,0,0],"BorderStyle":"Solid","BorderThickness":0.5,"ColIndex":1,"Height":27,"InlineAlign":"Start","RowIndex":10,"Width":112}},{"Bounds":[156.24000549316406,458.0200958251953,166.31004333496094,470.21009826660156],"Font":{"alt_family_name":"Clean","embedded":true,"encoding":"Custom","family_name":"Adobe Clean","font_type":"Type1","italic":false,"monospaced":false,"name":"HNXJOY+AdobeClean-Regular","subset":true,"weight":400},"HasClip":false,"Lang":"en","Page":2,"Path":"//Document/Sect[4]/Table/TR[11]/TD/P","Text":"Li ","TextSize":10,"attributes":{"LineHeight":12}},{"Bounds":[267.1199951171875,458.0200958251953,304.3989715576172,470.21009826660156],"Page":2,"Path":"//Document/Sect[4]/Table/TR[11]/TD[2]","attributes":{"BBox":[258.58899999999267,448.8139999999985,577.176999999996,475.81299999999464],"BlockAlign":"Middle","BorderColor":[0,0,0],"BorderStyle":"Solid","BorderThickness":[0.5,0.5,0.5,1.125],"ColIndex":2,"Height":27,"InlineAlign":"Start","RowIndex":10,"Width":318.625}},{"Bounds":[267.1199951171875,458.0200958251953,304.3989715576172,470.21009826660156],"Font":{"alt_family_name":"Clean","embedded":true,"encoding":"Custom","family_name":"Adobe Clean","font_type":"Type1","italic":false,"monospaced":false,"name":"HNXJOY+AdobeClean-Regular","subset":true,"weight":400},"HasClip":false,"Lang":"en","Page":2,"Path":"//Document/Sect[4]/Table/TR[11]/TD[2]/P","Text":"List Item ","TextSize":10,"attributes":{"LineHeight":12}},{"Bounds":[156.24000549316406,432.8200988769531,170.93002319335938,445.0101013183594],"Page":2,"Path":"//Document/Sect[4]/Table/TR[12]/TD","attributes":{"BBox":[147.71399999999994,424.33499999999185,259.6689999999944,449.8939999999857],"BlockAlign":"Middle","BorderColor":[0,0,0],"BorderStyle":"Solid","BorderThickness":0.5,"ColIndex":1,"Height":25.5,"InlineAlign":"Start","RowIndex":11,"Width":112}},{"Bounds":[156.24000549316406,432.8200988769531,170.93002319335938,445.0101013183594],"Font":{"alt_family_name":"Clean","embedded":true,"encoding":"Custom","family_name":"Adobe Clean","font_type":"Type1","italic":false,"monospaced":false,"name":"HNXJOY+AdobeClean-Regular","subset":true,"weight":400},"HasClip":false,"Lang":"en","Page":2,"Path":"//Document/Sect[4]/Table/TR[12]/TD/P","Text":"Lbi ","TextSize":10,"attributes":{"LineHeight":12}},{"Bounds":[267.1199951171875,432.8200988769531,326.4589538574219,445.0101013183594],"Page":2,"Path":"//Document/Sect[4]/Table/TR[12]/TD[2]","attributes":{"BBox":[258.58899999999267,424.33499999999185,577.176999999996,449.8939999999857],"BlockAlign":"Middle","BorderColor":[0,0,0],"BorderStyle":"Solid","BorderThickness":[0.5,0.5,0.5,1.125],"ColIndex":2,"Height":25.5,"InlineAlign":"Start","RowIndex":11,"Width":318.625}},{"Bounds":[267.1199951171875,432.8200988769531,326.4589538574219,445.0101013183594],"Font":{"alt_family_name":"Clean","embedded":true,"encoding":"Custom","family_name":"Adobe Clean","font_type":"Type1","italic":false,"monospaced":false,"name":"HNXJOY+AdobeClean-Regular","subset":true,"weight":400},"HasClip":false,"Lang":"en","Page":2,"Path":"//Document/Sect[4]/Table/TR[12]/TD[2]/P","Text":"List Item label ","TextSize":10,"attributes":{"LineHeight":12}},{"Bounds":[156.24000549316406,407.62010192871094,184.15994262695312,419.8101043701172],"Page":2,"Path":"//Document/Sect[4]/Table/TR[13]/TD","attributes":{"BBox":[147.71399999999994,399.85599999999977,259.6689999999944,425.4149999999936],"BlockAlign":"Middle","BorderColor":[0,0,0],"BorderStyle":"Solid","BorderThickness":0.5,"ColIndex":1,"Height":25.5,"InlineAlign":"Start","RowIndex":12,"Width":112}},{"Bounds":[156.24000549316406,407.62010192871094,184.15994262695312,419.8101043701172],"Font":{"alt_family_name":"Clean","embedded":true,"encoding":"Custom","family_name":"Adobe Clean","font_type":"Type1","italic":false,"monospaced":false,"name":"HNXJOY+AdobeClean-Regular","subset":true,"weight":400},"HasClip":false,"Lang":"en","Page":2,"Path":"//Document/Sect[4]/Table/TR[13]/TD/P","Text":"Lbody ","TextSize":10,"attributes":{"LineHeight":12}},{"Bounds":[267.1199951171875,407.62010192871094,327.2790222167969,419.8101043701172],"Page":2,"Path":"//Document/Sect[4]/Table/TR[13]/TD[2]","attributes":{"BBox":[258.58899999999267,399.85599999999977,577.176999999996,425.4149999999936],"BlockAlign":"Middle","BorderColor":[0,0,0],"BorderStyle":"Solid","BorderThickness":[0.5,0.5,0.5,1.125],"ColIndex":2,"Height":25.5,"InlineAlign":"Start","RowIndex":12,"Width":318.625}},{"Bounds":[267.1199951171875,407.62010192871094,327.2790222167969,419.8101043701172],"Font":{"alt_family_name":"Clean","embedded":true,"encoding":"Custom","family_name":"Adobe Clean","font_type":"Type1","italic":false,"monospaced":false,"name":"HNXJOY+AdobeClean-Regular","subset":true,"weight":400},"HasClip":false,"Lang":"en","Page":2,"Path":"//Document/Sect[4]/Table/TR[13]/TD[2]/P","Text":"List Item body ","TextSize":10,"attributes":{"LineHeight":12}},{"Bounds":[43.69999694824219,382.42010498046875,87.1199951171875,394.610107421875],"Page":2,"Path":"//Document/Sect[4]/Table/TR[14]/TD","attributes":{"BBox":[34.91859999999906,342.2579999999871,148.7939999999944,400.93599999998696],"BlockAlign":"Before","BorderColor":[0,0,0],"BorderStyle":"Solid","BorderThickness":[0.5,0.5,1.125,0.5],"ColIndex":0,"Height":58.625,"InlineAlign":"Start","RowIndex":13,"RowSpan":2,"Width":113.875}},{"Bounds":[43.69999694824219,382.42010498046875,87.1199951171875,394.610107421875],"Font":{"alt_family_name":"Clean","embedded":true,"encoding":"Custom","family_name":"Adobe Clean","font_type":"Type1","italic":false,"monospaced":false,"name":"HNXJOY+AdobeClean-Regular","subset":true,"weight":400},"HasClip":false,"Lang":"en","Page":2,"Path":"//Document/Sect[4]/Table/TR[14]/TD/P","Text":"Paragraph ","TextSize":10,"attributes":{"LineHeight":12}},{"Bounds":[156.24000549316406,382.42010498046875,163.9600372314453,394.610107421875],"Page":2,"Path":"//Document/Sect[4]/Table/TR[14]/TD[2]","attributes":{"BBox":[147.71399999999994,373.9369999999908,259.6689999999944,400.93599999998696],"BlockAlign":"Middle","BorderColor":[0,0,0],"BorderStyle":"Solid","BorderThickness":0.5,"ColIndex":1,"Height":27,"InlineAlign":"Start","RowIndex":13,"Width":112}},{"Bounds":[156.24000549316406,382.42010498046875,163.9600372314453,394.610107421875],"Font":{"alt_family_name":"Clean","embedded":true,"encoding":"Custom","family_name":"Adobe Clean","font_type":"Type1","italic":false,"monospaced":false,"name":"HNXJOY+AdobeClean-Regular","subset":true,"weight":400},"HasClip":false,"Lang":"en","Page":2,"Path":"//Document/Sect[4]/Table/TR[14]/TD[2]/P","Text":"P ","TextSize":10,"attributes":{"LineHeight":12}},{"Bounds":[267.1199951171875,382.42010498046875,310.5399932861328,394.610107421875],"Page":2,"Path":"//Document/Sect[4]/Table/TR[14]/TD[3]","attributes":{"BBox":[258.58899999999267,373.9369999999908,577.176999999996,400.93599999998696],"BlockAlign":"Middle","BorderColor":[0,0,0],"BorderStyle":"Solid","BorderThickness":[0.5,0.5,0.5,1.125],"ColIndex":2,"Height":27,"InlineAlign":"Start","RowIndex":13,"Width":318.625}},{"Bounds":[267.1199951171875,382.42010498046875,310.5399932861328,394.610107421875],"Font":{"alt_family_name":"Clean","embedded":true,"encoding":"Custom","family_name":"Adobe Clean","font_type":"Type1","italic":false,"monospaced":false,"name":"HNXJOY+AdobeClean-Regular","subset":true,"weight":400},"HasClip":false,"Lang":"en","Page":2,"Path":"//Document/Sect[4]/Table/TR[14]/TD[3]/P","Text":"Paragraph ","TextSize":10,"attributes":{"LineHeight":12}},{"Bounds":[156.24000549316406,357.2200927734375,219.86904907226562,369.41009521484375],"Page":2,"Path":"//Document/Sect[4]/Table/TR[15]/TD","attributes":{"BBox":[147.71399999999994,342.2579999999871,259.6689999999944,375.01699999999255],"BlockAlign":"Before","BorderColor":[0,0,0],"BorderStyle":"Solid","BorderThickness":0.5,"ColIndex":1,"Height":32.75,"InlineAlign":"Start","RowIndex":14,"Width":112}},{"Bounds":[156.24000549316406,357.2200927734375,219.86904907226562,369.41009521484375],"Font":{"alt_family_name":"Clean","embedded":true,"encoding":"Custom","family_name":"Adobe Clean","font_type":"Type1","italic":false,"monospaced":false,"name":"HNXJOY+AdobeClean-Regular","subset":true,"weight":400},"HasClip":false,"Lang":"en","Page":2,"Path":"//Document/Sect[4]/Table/TR[15]/TD/P","Text":"ParagraphSpan ","TextSize":10,"attributes":{"LineHeight":12}},{"Bounds":[267.1199951171875,347.2200927734375,532.5850524902344,369.41009521484375],"Page":2,"Path":"//Document/Sect[4]/Table/TR[15]/TD[2]","attributes":{"BBox":[258.58899999999267,342.2579999999871,577.176999999996,375.01699999999255],"BlockAlign":"Middle","BorderColor":[0,0,0],"BorderStyle":"Solid","BorderThickness":[0.5,0.5,0.5,1.125],"ColIndex":2,"Height":32.75,"InlineAlign":"Start","RowIndex":14,"Width":318.625}},{"Bounds":[267.1199951171875,347.2200927734375,532.5850524902344,369.41009521484375],"Font":{"alt_family_name":"Clean","embedded":true,"encoding":"Custom","family_name":"Adobe Clean","font_type":"Type1","italic":false,"monospaced":false,"name":"HNXJOY+AdobeClean-Regular","subset":true,"weight":400},"HasClip":false,"Lang":"en","Page":2,"Path":"//Document/Sect[4]/Table/TR[15]/TD[2]/P","Text":"Denotes part of a paragraph. Reported when paragraph is broken (generally due to page break or column break) ","TextSize":10,"attributes":{"LineHeight":10}},{"Bounds":[43.69999694824219,325.5200958251953,86.47993469238281,337.71009826660156],"Page":2,"Path":"//Document/Sect[4]/Table/TR[16]/TD","attributes":{"BBox":[34.91859999999906,316.33899999999267,148.7939999999944,343.3379999999888],"BlockAlign":"Middle","BorderColor":[0,0,0],"BorderStyle":"Solid","BorderThickness":[0.5,0.5,1.125,0.5],"ColIndex":0,"Height":27,"InlineAlign":"Start","RowIndex":15,"Width":113.875}},{"Bounds":[43.69999694824219,325.5200958251953,86.47993469238281,337.71009826660156],"Font":{"alt_family_name":"Clean","embedded":true,"encoding":"Custom","family_name":"Adobe Clean","font_type":"Type1","italic":false,"monospaced":false,"name":"HNXJOY+AdobeClean-Regular","subset":true,"weight":400},"HasClip":false,"Lang":"en","Page":2,"Path":"//Document/Sect[4]/Table/TR[16]/TD/P","Text":"Reference ","TextSize":10,"attributes":{"LineHeight":12}},{"Bounds":[156.24000549316406,325.5200958251953,199.0199432373047,337.71009826660156],"Page":2,"Path":"//Document/Sect[4]/Table/TR[16]/TD[2]","attributes":{"BBox":[147.71399999999994,316.33899999999267,259.6689999999944,343.3379999999888],"BlockAlign":"Middle","BorderColor":[0,0,0],"BorderStyle":"Solid","BorderThickness":0.5,"ColIndex":1,"Height":27,"InlineAlign":"Start","RowIndex":15,"Width":112}},{"Bounds":[156.24000549316406,325.5200958251953,199.0199432373047,337.71009826660156],"Font":{"alt_family_name":"Clean","embedded":true,"encoding":"Custom","family_name":"Adobe Clean","font_type":"Type1","italic":false,"monospaced":false,"name":"HNXJOY+AdobeClean-Regular","subset":true,"weight":400},"HasClip":false,"Lang":"en","Page":2,"Path":"//Document/Sect[4]/Table/TR[16]/TD[2]/P","Text":"Reference ","TextSize":10,"attributes":{"LineHeight":12}},{"Bounds":[267.1199951171875,325.5200958251953,286.7099304199219,337.71009826660156],"Page":2,"Path":"//Document/Sect[4]/Table/TR[16]/TD[3]","attributes":{"BBox":[258.58899999999267,316.33899999999267,577.176999999996,343.3379999999888],"BlockAlign":"Middle","BorderColor":[0,0,0],"BorderStyle":"Solid","BorderThickness":[0.5,0.5,0.5,1.125],"ColIndex":2,"Height":27,"InlineAlign":"Start","RowIndex":15,"Width":318.625}},{"Bounds":[267.1199951171875,325.5200958251953,286.7099304199219,337.71009826660156],"Font":{"alt_family_name":"Clean","embedded":true,"encoding":"Custom","family_name":"Adobe Clean","font_type":"Type1","italic":false,"monospaced":false,"name":"HNXJOY+AdobeClean-Regular","subset":true,"weight":400},"HasClip":false,"Lang":"en","Page":2,"Path":"//Document/Sect[4]/Table/TR[16]/TD[3]/P","Text":"Link ","TextSize":10,"attributes":{"LineHeight":12}},{"Bounds":[43.69999694824219,300.3200988769531,76.1490478515625,312.5101013183594],"Page":2,"Path":"//Document/Sect[4]/Table/TR[17]/TD","attributes":{"BBox":[34.91859999999906,291.85999999998603,148.7939999999944,317.4189999999944],"BlockAlign":"Middle","BorderColor":[0,0,0],"BorderStyle":"Solid","BorderThickness":[0.5,0.5,1.125,0.5],"ColIndex":0,"Height":25.5,"InlineAlign":"Start","RowIndex":16,"Width":113.875}},{"Bounds":[43.69999694824219,300.3200988769531,76.1490478515625,312.5101013183594],"Font":{"alt_family_name":"Clean","embedded":true,"encoding":"Custom","family_name":"Adobe Clean","font_type":"Type1","italic":false,"monospaced":false,"name":"HNXJOY+AdobeClean-Regular","subset":true,"weight":400},"HasClip":false,"Lang":"en","Page":2,"Path":"//Document/Sect[4]/Table/TR[17]/TD/P","Text":"Section ","TextSize":10,"attributes":{"LineHeight":12}},{"Bounds":[156.24000549316406,300.3200988769531,175.93006896972656,312.5101013183594],"Page":2,"Path":"//Document/Sect[4]/Table/TR[17]/TD[2]","attributes":{"BBox":[147.71399999999994,291.85999999998603,259.6689999999944,317.4189999999944],"BlockAlign":"Middle","BorderColor":[0,0,0],"BorderStyle":"Solid","BorderThickness":0.5,"ColIndex":1,"Height":25.5,"InlineAlign":"Start","RowIndex":16,"Width":112}},{"Bounds":[156.24000549316406,300.3200988769531,175.93006896972656,312.5101013183594],"Font":{"alt_family_name":"Clean","embedded":true,"encoding":"Custom","family_name":"Adobe Clean","font_type":"Type1","italic":false,"monospaced":false,"name":"HNXJOY+AdobeClean-Regular","subset":true,"weight":400},"HasClip":false,"Lang":"en","Page":2,"Path":"//Document/Sect[4]/Table/TR[17]/TD[2]/P","Text":"Sect ","TextSize":10,"attributes":{"LineHeight":12}},{"Bounds":[267.1199951171875,300.3200988769531,398.9080047607422,312.5101013183594],"Page":2,"Path":"//Document/Sect[4]/Table/TR[17]/TD[3]","attributes":{"BBox":[258.58899999999267,291.85999999998603,577.176999999996,317.4189999999944],"BlockAlign":"Middle","BorderColor":[0,0,0],"BorderStyle":"Solid","BorderThickness":[0.5,0.5,0.5,1.125],"ColIndex":2,"Height":25.5,"InlineAlign":"Start","RowIndex":16,"Width":318.625}},{"Bounds":[267.1199951171875,300.3200988769531,398.9080047607422,312.5101013183594],"Font":{"alt_family_name":"Clean","embedded":true,"encoding":"Custom","family_name":"Adobe Clean","font_type":"Type1","italic":false,"monospaced":false,"name":"HNXJOY+AdobeClean-Regular","subset":true,"weight":400},"HasClip":false,"Lang":"en","Page":2,"Path":"//Document/Sect[4]/Table/TR[17]/TD[3]/P","Text":"Logical section of the document ","TextSize":10,"attributes":{"LineHeight":12}},{"Bounds":[43.69999694824219,275.12010192871094,86.06005859375,287.3101043701172],"Page":2,"Path":"//Document/Sect[4]/Table/TR[18]/TD","attributes":{"BBox":[34.91859999999906,267.38099999999395,148.7939999999944,292.9399999999878],"BlockAlign":"Middle","BorderColor":[0,0,0],"BorderStyle":"Solid","BorderThickness":[0.5,0.5,1.125,0.5],"ColIndex":0,"Height":25.5,"InlineAlign":"Start","RowIndex":17,"Width":113.875}},{"Bounds":[43.69999694824219,275.12010192871094,86.06005859375,287.3101043701172],"Font":{"alt_family_name":"Clean","embedded":true,"encoding":"Custom","family_name":"Adobe Clean","font_type":"Type1","italic":false,"monospaced":false,"name":"HNXJOY+AdobeClean-Regular","subset":true,"weight":400},"HasClip":false,"Lang":"en","Page":2,"Path":"//Document/Sect[4]/Table/TR[18]/TD/P","Text":"StyleSpan ","TextSize":10,"attributes":{"LineHeight":12}},{"Bounds":[156.24000549316406,275.12010192871094,198.6000518798828,287.3101043701172],"Page":2,"Path":"//Document/Sect[4]/Table/TR[18]/TD[2]","attributes":{"BBox":[147.71399999999994,267.38099999999395,259.6689999999944,292.9399999999878],"BlockAlign":"Middle","BorderColor":[0,0,0],"BorderStyle":"Solid","BorderThickness":0.5,"ColIndex":1,"Height":25.5,"InlineAlign":"Start","RowIndex":17,"Width":112}},{"Bounds":[156.24000549316406,275.12010192871094,198.6000518798828,287.3101043701172],"Font":{"alt_family_name":"Clean","embedded":true,"encoding":"Custom","family_name":"Adobe Clean","font_type":"Type1","italic":false,"monospaced":false,"name":"HNXJOY+AdobeClean-Regular","subset":true,"weight":400},"HasClip":false,"Lang":"en","Page":2,"Path":"//Document/Sect[4]/Table/TR[18]/TD[2]/P","Text":"StyleSpan ","TextSize":10,"attributes":{"LineHeight":12}},{"Bounds":[267.1199951171875,275.12010192871094,539.6139984130859,287.3101043701172],"Page":2,"Path":"//Document/Sect[4]/Table/TR[18]/TD[3]","attributes":{"BBox":[258.58899999999267,267.38099999999395,577.176999999996,292.9399999999878],"BlockAlign":"Middle","BorderColor":[0,0,0],"BorderStyle":"Solid","BorderThickness":[0.5,0.5,0.5,1.125],"ColIndex":2,"Height":25.5,"InlineAlign":"Start","RowIndex":17,"Width":318.625}},{"Bounds":[267.1199951171875,275.12010192871094,539.6139984130859,287.3101043701172],"Font":{"alt_family_name":"Clean","embedded":true,"encoding":"Custom","family_name":"Adobe Clean","font_type":"Type1","italic":false,"monospaced":false,"name":"HNXJOY+AdobeClean-Regular","subset":true,"weight":400},"HasClip":false,"Lang":"en","Page":2,"Path":"//Document/Sect[4]/Table/TR[18]/TD[3]/P","Text":"Denotes difference in styling of text relative to the parent container ","TextSize":10,"attributes":{"LineHeight":12}},{"Bounds":[43.69999694824219,249.92010498046875,61.22984313964844,262.110107421875],"Page":2,"Path":"//Document/Sect[4]/Table/TR[19]/TD","attributes":{"BBox":[34.91859999999906,235.70299999999406,148.7939999999944,268.4609999999957],"BlockAlign":"Before","BorderColor":[0,0,0],"BorderStyle":"Solid","BorderThickness":[0.5,0.5,1.125,0.5],"ColIndex":0,"Height":32.75,"InlineAlign":"Start","RowIndex":18,"Width":113.875}},{"Bounds":[43.69999694824219,249.92010498046875,61.22984313964844,262.110107421875],"Font":{"alt_family_name":"Clean","embedded":true,"encoding":"Custom","family_name":"Adobe Clean","font_type":"Type1","italic":false,"monospaced":false,"name":"HNXJOY+AdobeClean-Regular","subset":true,"weight":400},"HasClip":false,"Lang":"en","Page":2,"Path":"//Document/Sect[4]/Table/TR[19]/TD/P","Text":"Sub ","TextSize":10,"attributes":{"LineHeight":12}},{"Bounds":[156.24000549316406,249.92010498046875,173.7698516845703,262.110107421875],"Page":2,"Path":"//Document/Sect[4]/Table/TR[19]/TD[2]","attributes":{"BBox":[147.71399999999994,235.70299999999406,259.6689999999944,268.4609999999957],"BlockAlign":"Before","BorderColor":[0,0,0],"BorderStyle":"Solid","BorderThickness":0.5,"ColIndex":1,"Height":32.75,"InlineAlign":"Start","RowIndex":18,"Width":112}},{"Bounds":[156.24000549316406,249.92010498046875,173.7698516845703,262.110107421875],"Font":{"alt_family_name":"Clean","embedded":true,"encoding":"Custom","family_name":"Adobe Clean","font_type":"Type1","italic":false,"monospaced":false,"name":"HNXJOY+AdobeClean-Regular","subset":true,"weight":400},"HasClip":false,"Lang":"en","Page":2,"Path":"//Document/Sect[4]/Table/TR[19]/TD[2]/P","Text":"Sub ","TextSize":10,"attributes":{"LineHeight":12}},{"Bounds":[267.1199951171875,239.92010498046875,569.904052734375,262.110107421875],"Page":2,"Path":"//Document/Sect[4]/Table/TR[19]/TD[3]","attributes":{"BBox":[258.58899999999267,235.70299999999406,577.176999999996,268.4609999999957],"BlockAlign":"Middle","BorderColor":[0,0,0],"BorderStyle":"Solid","BorderThickness":[0.5,0.5,0.5,1.125],"ColIndex":2,"Height":32.75,"InlineAlign":"Start","RowIndex":18,"Width":318.625}},{"Bounds":[267.1199951171875,239.92010498046875,569.904052734375,262.110107421875],"Font":{"alt_family_name":"Clean","embedded":true,"encoding":"Custom","family_name":"Adobe Clean","font_type":"Type1","italic":false,"monospaced":false,"name":"HNXJOY+AdobeClean-Regular","subset":true,"weight":400},"HasClip":false,"Lang":"en","Page":2,"Path":"//Document/Sect[4]/Table/TR[19]/TD[3]/P","Text":"Single line of a multiline paragraph (e.g. addresses). Such paras are created in html using <br> inside <p> tags ","TextSize":10,"attributes":{"LineHeight":10}},{"Bounds":[43.69999694824219,218.2200927734375,67.68002319335938,230.41009521484375],"Page":2,"Path":"//Document/Sect[4]/Table/TR[20]/TD","attributes":{"BBox":[34.91859999999906,134.90699999999924,148.7939999999944,236.7829999999958],"BlockAlign":"Before","BorderColor":[0,0,0],"BorderStyle":"Solid","BorderThickness":[0.5,0.5,1.125,0.5],"ColIndex":0,"Height":101.875,"InlineAlign":"Start","RowIndex":19,"RowSpan":4,"Width":113.875}},{"Bounds":[43.69999694824219,218.2200927734375,67.68002319335938,230.41009521484375],"Font":{"alt_family_name":"Clean","embedded":true,"encoding":"Custom","family_name":"Adobe Clean","font_type":"Type1","italic":false,"monospaced":false,"name":"HNXJOY+AdobeClean-Regular","subset":true,"weight":400},"HasClip":false,"Lang":"en","Page":2,"Path":"//Document/Sect[4]/Table/TR[20]/TD/P","Text":"Table ","TextSize":10,"attributes":{"LineHeight":12}},{"Bounds":[156.24000549316406,218.2200927734375,180.22003173828125,230.41009521484375],"Page":2,"Path":"//Document/Sect[4]/Table/TR[20]/TD[2]","attributes":{"BBox":[147.71399999999994,209.78399999999965,259.6689999999944,236.7829999999958],"BlockAlign":"Middle","BorderColor":[0,0,0],"BorderStyle":"Solid","BorderThickness":0.5,"ColIndex":1,"Height":27,"InlineAlign":"Start","RowIndex":19,"Width":112}},{"Bounds":[156.24000549316406,218.2200927734375,180.22003173828125,230.41009521484375],"Font":{"alt_family_name":"Clean","embedded":true,"encoding":"Custom","family_name":"Adobe Clean","font_type":"Type1","italic":false,"monospaced":false,"name":"HNXJOY+AdobeClean-Regular","subset":true,"weight":400},"HasClip":false,"Lang":"en","Page":2,"Path":"//Document/Sect[4]/Table/TR[20]/TD[2]/P","Text":"Table ","TextSize":10,"attributes":{"LineHeight":12}},{"Bounds":[267.1199951171875,218.2200927734375,342.6590270996094,230.41009521484375],"Page":2,"Path":"//Document/Sect[4]/Table/TR[20]/TD[3]","attributes":{"BBox":[258.58899999999267,209.78399999999965,577.176999999996,236.7829999999958],"BlockAlign":"Middle","BorderColor":[0,0,0],"BorderStyle":"Solid","BorderThickness":[0.5,0.5,0.5,1.125],"ColIndex":2,"Height":27,"InlineAlign":"Start","RowIndex":19,"Width":318.625}},{"Bounds":[267.1199951171875,218.2200927734375,342.6590270996094,230.41009521484375],"Font":{"alt_family_name":"Clean","embedded":true,"encoding":"Custom","family_name":"Adobe Clean","font_type":"Type1","italic":false,"monospaced":false,"name":"HNXJOY+AdobeClean-Regular","subset":true,"weight":400},"HasClip":false,"Lang":"en","Page":2,"Path":"//Document/Sect[4]/Table/TR[20]/TD[3]/P","Text":"Beginning of table ","TextSize":10,"attributes":{"LineHeight":12}},{"Bounds":[156.24000549316406,193.0200958251953,170.21995544433594,205.21009826660156],"Page":2,"Path":"//Document/Sect[4]/Table/TR[21]/TD","attributes":{"BBox":[147.71399999999994,183.86499999999796,259.6689999999944,210.86399999999412],"BlockAlign":"Middle","BorderColor":[0,0,0],"BorderStyle":"Solid","BorderThickness":0.5,"ColIndex":1,"Height":27,"InlineAlign":"Start","RowIndex":20,"Width":112}},{"Bounds":[156.24000549316406,193.0200958251953,170.21995544433594,205.21009826660156],"Font":{"alt_family_name":"Clean","embedded":true,"encoding":"Custom","family_name":"Adobe Clean","font_type":"Type1","italic":false,"monospaced":false,"name":"HNXJOY+AdobeClean-Regular","subset":true,"weight":400},"HasClip":false,"Lang":"en","Page":2,"Path":"//Document/Sect[4]/Table/TR[21]/TD/P","Text":"TD ","TextSize":10,"attributes":{"LineHeight":12}},{"Bounds":[267.1199951171875,193.0200958251953,307.24993896484375,205.21009826660156],"Page":2,"Path":"//Document/Sect[4]/Table/TR[21]/TD[2]","attributes":{"BBox":[258.58899999999267,183.86499999999796,577.176999999996,210.86399999999412],"BlockAlign":"Middle","BorderColor":[0,0,0],"BorderStyle":"Solid","BorderThickness":[0.5,0.5,0.5,1.125],"ColIndex":2,"Height":27,"InlineAlign":"Start","RowIndex":20,"Width":318.625}},{"Bounds":[267.1199951171875,193.0200958251953,307.24993896484375,205.21009826660156],"Font":{"alt_family_name":"Clean","embedded":true,"encoding":"Custom","family_name":"Adobe Clean","font_type":"Type1","italic":false,"monospaced":false,"name":"HNXJOY+AdobeClean-Regular","subset":true,"weight":400},"HasClip":false,"Lang":"en","Page":2,"Path":"//Document/Sect[4]/Table/TR[21]/TD[2]/P","Text":"Table cell ","TextSize":10,"attributes":{"LineHeight":12}},{"Bounds":[156.24000549316406,167.82009887695312,170.32005310058594,180.01010131835938],"Page":2,"Path":"//Document/Sect[4]/Table/TR[22]/TD","attributes":{"BBox":[147.71399999999994,159.3859999999986,259.6689999999944,184.9449999999997],"BlockAlign":"Middle","BorderColor":[0,0,0],"BorderStyle":"Solid","BorderThickness":0.5,"ColIndex":1,"Height":25.5,"InlineAlign":"Start","RowIndex":21,"Width":112}},{"Bounds":[156.24000549316406,167.82009887695312,170.32005310058594,180.01010131835938],"Font":{"alt_family_name":"Clean","embedded":true,"encoding":"Custom","family_name":"Adobe Clean","font_type":"Type1","italic":false,"monospaced":false,"name":"HNXJOY+AdobeClean-Regular","subset":true,"weight":400},"HasClip":false,"Lang":"en","Page":2,"Path":"//Document/Sect[4]/Table/TR[22]/TD/P","Text":"TH ","TextSize":10,"attributes":{"LineHeight":12}},{"Bounds":[267.1199951171875,167.82009887695312,337.708984375,180.01010131835938],"Page":2,"Path":"//Document/Sect[4]/Table/TR[22]/TD[2]","attributes":{"BBox":[258.58899999999267,159.3859999999986,577.176999999996,184.9449999999997],"BlockAlign":"Middle","BorderColor":[0,0,0],"BorderStyle":"Solid","BorderThickness":[0.5,0.5,0.5,1.125],"ColIndex":2,"Height":25.5,"InlineAlign":"Start","RowIndex":21,"Width":318.625}},{"Bounds":[267.1199951171875,167.82009887695312,337.708984375,180.01010131835938],"Font":{"alt_family_name":"Clean","embedded":true,"encoding":"Custom","family_name":"Adobe Clean","font_type":"Type1","italic":false,"monospaced":false,"name":"HNXJOY+AdobeClean-Regular","subset":true,"weight":400},"HasClip":false,"Lang":"en","Page":2,"Path":"//Document/Sect[4]/Table/TR[22]/TD[2]/P","Text":"Table header cell ","TextSize":10,"attributes":{"LineHeight":12}},{"Bounds":[156.24000549316406,142.62010192871094,169.3700408935547,154.8101043701172],"Page":2,"Path":"//Document/Sect[4]/Table/TR[23]/TD","attributes":{"BBox":[147.71399999999994,134.90699999999924,259.6689999999944,160.46599999999307],"BlockAlign":"Middle","BorderColor":[0,0,0],"BorderStyle":"Solid","BorderThickness":0.5,"ColIndex":1,"Height":25.5,"InlineAlign":"Start","RowIndex":22,"Width":112}},{"Bounds":[156.24000549316406,142.62010192871094,169.3700408935547,154.8101043701172],"Font":{"alt_family_name":"Clean","embedded":true,"encoding":"Custom","family_name":"Adobe Clean","font_type":"Type1","italic":false,"monospaced":false,"name":"HNXJOY+AdobeClean-Regular","subset":true,"weight":400},"HasClip":false,"Lang":"en","Page":2,"Path":"//Document/Sect[4]/Table/TR[23]/TD/P","Text":"TR ","TextSize":10,"attributes":{"LineHeight":12}},{"Bounds":[267.1199951171875,142.62010192871094,309.208984375,154.8101043701172],"Page":2,"Path":"//Document/Sect[4]/Table/TR[23]/TD[2]","attributes":{"BBox":[258.58899999999267,134.90699999999924,577.176999999996,160.46599999999307],"BlockAlign":"Middle","BorderColor":[0,0,0],"BorderStyle":"Solid","BorderThickness":[0.5,0.5,0.5,1.125],"ColIndex":2,"Height":25.5,"InlineAlign":"Start","RowIndex":22,"Width":318.625}},{"Bounds":[267.1199951171875,142.62010192871094,309.208984375,154.8101043701172],"Font":{"alt_family_name":"Clean","embedded":true,"encoding":"Custom","family_name":"Adobe Clean","font_type":"Type1","italic":false,"monospaced":false,"name":"HNXJOY+AdobeClean-Regular","subset":true,"weight":400},"HasClip":false,"Lang":"en","Page":2,"Path":"//Document/Sect[4]/Table/TR[23]/TD[2]/P","Text":"Table row ","TextSize":10,"attributes":{"LineHeight":12}},{"Bounds":[43.69999694824219,117.42010498046875,63.53990173339844,129.610107421875],"Page":2,"Path":"//Document/Sect[4]/Table/TR[24]/TD","attributes":{"BBox":[34.91859999999906,100.94799999999668,148.7939999999944,135.9869999999937],"BlockAlign":"Before","BorderColor":[0,0,0],"BorderStyle":"Solid","BorderThickness":[0.5,1.125,1.125,0.5],"ColIndex":0,"Height":35,"InlineAlign":"Start","RowIndex":23,"Width":113.875}},{"Bounds":[43.69999694824219,117.42010498046875,63.53990173339844,129.610107421875],"Font":{"alt_family_name":"Clean","embedded":true,"encoding":"Custom","family_name":"Adobe Clean","font_type":"Type1","italic":false,"monospaced":false,"name":"HNXJOY+AdobeClean-Regular","subset":true,"weight":400},"HasClip":false,"Lang":"en","Page":2,"Path":"//Document/Sect[4]/Table/TR[24]/TD/P","Text":"Title ","TextSize":10,"attributes":{"LineHeight":12}},{"Bounds":[156.24000549316406,117.42010498046875,176.07989501953125,129.610107421875],"Page":2,"Path":"//Document/Sect[4]/Table/TR[24]/TD[2]","attributes":{"BBox":[147.71399999999994,100.94799999999668,259.6689999999944,135.9869999999937],"BlockAlign":"Before","BorderColor":[0,0,0],"BorderStyle":"Solid","BorderThickness":[0.5,1.125,0.5,0.5],"ColIndex":1,"Height":35,"InlineAlign":"Start","RowIndex":23,"Width":112}},{"Bounds":[156.24000549316406,117.42010498046875,176.07989501953125,129.610107421875],"Font":{"alt_family_name":"Clean","embedded":true,"encoding":"Custom","family_name":"Adobe Clean","font_type":"Type1","italic":false,"monospaced":false,"name":"HNXJOY+AdobeClean-Regular","subset":true,"weight":400},"HasClip":false,"Lang":"en","Page":2,"Path":"//Document/Sect[4]/Table/TR[24]/TD[2]/P","Text":"Title ","TextSize":10,"attributes":{"LineHeight":12}},{"Bounds":[267.1199951171875,107.42010498046875,547.5640563964844,129.610107421875],"Page":2,"Path":"//Document/Sect[4]/Table/TR[24]/TD[3]","attributes":{"BBox":[258.58899999999267,100.94799999999668,577.176999999996,135.9869999999937],"BlockAlign":"Middle","BorderColor":[0,0,0],"BorderStyle":"Solid","BorderThickness":[0.5,1.125,0.5,1.125],"ColIndex":2,"Height":35,"InlineAlign":"Start","RowIndex":23,"Width":318.625}},{"Bounds":[267.1199951171875,107.42010498046875,547.5640563964844,129.610107421875],"Font":{"alt_family_name":"Clean","embedded":true,"encoding":"Custom","family_name":"Adobe Clean","font_type":"Type1","italic":false,"monospaced":false,"name":"HNXJOY+AdobeClean-Regular","subset":true,"weight":400},"HasClip":false,"Lang":"en","Page":2,"Path":"//Document/Sect[4]/Table/TR[24]/TD[3]/P","Text":"Title of the document. This is the most prominent heading which can define the whole document. ","TextSize":10,"attributes":{"LineHeight":10.125}}],"pages":[{"boxes":{"CropBox":[0,0,612,792],"MediaBox":[0,0,612,792]},"height":792,"is_scanned":false,"page_number":0,"rotation":0,"width":612},{"boxes":{"CropBox":[0,0,612,792],"MediaBox":[0,0,612,792]},"height":792,"is_scanned":false,"page_number":1,"rotation":0,"width":612},{"boxes":{"CropBox":[0,0,612,792],"MediaBox":[0,0,612,792]},"height":792,"is_scanned":false,"page_number":2,"rotation":0,"width":612}]}